full_address,incident_id,start_time,end_time,min_flood_depth,max_flood_depth,avg_flood_depth,area_sqm,estimated_damage,estimated_damage_adjusted
嘉義市東區安業里,67,2022-10-01 09:00:00,2022-10-01 10:27:48,294.2,295.1,294.9,547420.4096627856,147819342.00719956,6668380108.664064
嘉義市東區林森里,76,2021-02-26 17:07:49,2021-02-26 17:32:49,311.9,312.0,311.9166666666667,362915.5018103389,99485790.61619201,4487971994.946516
嘉義市東區林森里,77,2021-03-02 11:17:50,2021-03-03 14:46:54,312.5,313.1,312.8483383685801,362915.5018103389,99548477.71252945,4490799915.708511
嘉義市東區頂寮里,115,2021-02-25 16:27:42,2021-02-25 16:27:42,313.2,313.2,313.2,307677.3401599672,84416594.93732496,3808175133.7642407
嘉義市東區頂寮里,116,2021-02-26 17:07:42,2021-02-26 17:32:42,313.0,313.0,313.0,307677.3401599672,84405186.26155183,3807660469.136739
嘉義市東區頂寮里,117,2021-03-02 11:16:41,2021-03-03 14:46:41,313.0,313.5,313.2848942598187,307677.3401599672,84421437.59275131,3808393594.127274
嘉義縣六腳鄉六斗村,287,2020-05-06 22:38:20,2020-05-06 22:38:20,78.0,78.0,78.0,3435281.8033469953,498481375.4691905,22487336525.664913
嘉義縣六腳鄉六斗村,286,2020-04-25 06:23:17,2020-04-25 06:23:17,339.6,339.6,339.6,3435281.8033469953,959343117.3212001,43277587858.67743
嘉義縣六腳鄉六斗村,285,2020-04-22 07:19:17,2020-04-22 07:19:17,339.5,339.5,339.5,3435281.8033469953,959279427.1965659,43274714689.61537
嘉義縣六腳鄉六斗村,284,2020-04-13 21:26:57,2020-04-13 21:26:57,75.7,75.7,75.7,3435281.8033469953,490668720.1807466,22134894454.05313
嘉義縣六腳鄉六斗村,280,2020-03-23 04:14:57,2020-03-23 04:14:57,77.4,77.4,77.4,3435281.8033469953,496443291.48090076,22395395115.67923
嘉義縣六腳鄉六斗村,282,2020-03-24 07:03:57,2020-03-24 08:40:31,77.1,77.4,77.25,3435281.8033469953,495933770.4838283,22372409763.182808
嘉義縣六腳鄉六斗村,292,2021-08-02 10:11:42,2021-08-03 08:14:47,4.2,82.6,57.248266666666666,3435281.8033469953,427991749.74264973,19307430488.475647
嘉義縣六腳鄉六斗村,279,2020-03-23 01:56:47,2020-03-23 01:56:47,77.4,77.4,77.4,3435281.8033469953,496443291.48090076,22395395115.67923
嘉義縣六腳鄉六斗村,278,2020-03-21 20:09:29,2020-03-21 20:09:29,77.3,77.3,77.3,3435281.8033469953,496103610.8161858,22380071547.34828
嘉義縣六腳鄉六斗村,283,2020-03-25 05:19:01,2020-03-25 05:19:01,339.8,339.8,339.8,3435281.8033469953,959470497.5704682,43283334196.80154
嘉義縣大林鎮平林里,523,2021-08-02 09:43:08,2021-08-02 12:31:08,4.1,139.5,94.13939393939394,3026936.187839972,487533576.1578113,21993462813.53534
嘉義縣大林鎮平林里,522,2021-07-15 16:13:26,2021-07-15 17:52:26,38.6,142.1,101.15882352941176,3026936.187839972,507675871.4073879,22902115762.204082
嘉義縣東石鄉洲仔村,1484,2022-09-09 06:04:46,2022-09-09 07:31:46,317.7,318.9,318.26521739130436,3676579.8329718374,1012185852.6262217,45661412872.44487
嘉義縣東石鄉網寮村,1617,2020-04-17 03:37:20,2020-04-17 03:37:20,76.7,76.7,76.7,5012979.147313604,720971473.4266241,32524240515.684082
嘉義縣東石鄉網寮村,1618,2020-04-17 09:18:38,2020-04-17 09:18:38,99.6,99.6,99.6,5012979.147313604,834482967.0084027,37644935653.59516
嘉義縣東石鄉網寮村,1620,2020-04-19 07:26:36,2020-04-19 07:26:36,339.3,339.3,339.3,5012979.147313604,1399654958.6602547,63140798481.3549
嘉義縣東石鄉網寮村,1621,2020-04-19 16:42:34,2020-04-19 16:42:34,78.1,78.1,78.1,5012979.147313604,727911040.719833,32837296113.634968
嘉義縣東石鄉網寮村,1622,2020-04-20 03:33:48,2020-04-20 03:33:48,76.8,76.8,76.8,5012979.147313604,721467156.8047103,32546601629.823425
嘉義縣東石鄉網寮村,1624,2020-04-20 22:50:36,2020-04-20 22:50:36,76.1,76.1,76.1,5012979.147313604,717997373.1581057,32390073830.847977
嘉義縣東石鄉網寮村,1626,2020-04-22 17:03:16,2020-04-22 17:03:16,77.4,77.4,77.4,5012979.147313604,724441257.0732286,32680768314.65953
嘉義縣東石鄉網寮村,1627,2020-04-22 21:30:20,2020-04-22 21:30:20,76.6,76.6,76.6,5012979.147313604,720475790.0485376,32501879401.544727
嘉義縣東石鄉網寮村,1629,2020-04-25 02:17:38,2020-04-25 03:58:59,10.7,437.9,224.3,5012979.147313604,1222417170.7832472,55145302606.90368
嘉義縣東石鄉網寮村,1630,2020-04-26 07:23:23,2020-04-26 07:23:23,75.4,75.4,75.4,5012979.147313604,714527589.5115013,32233546031.87254
嘉義縣東石鄉網寮村,1632,2020-04-26 20:38:27,2020-04-26 20:38:27,76.7,76.7,76.7,5012979.147313604,720971473.4266241,32524240515.684082
嘉義縣東石鄉網寮村,1633,2020-04-26 23:56:53,2020-04-26 23:56:53,76.2,76.2,76.2,5012979.147313604,718493056.5361922,32412434944.98733
嘉義縣東石鄉網寮村,1635,2020-04-27 20:21:55,2020-04-27 20:21:55,76.8,76.8,76.8,5012979.147313604,721467156.8047103,32546601629.823425
嘉義縣東石鄉網寮村,1636,2020-04-27 23:11:28,2020-04-27 23:11:28,339.3,339.3,339.3,5012979.147313604,1399654958.6602547,63140798481.3549
嘉義縣東石鄉網寮村,1637,2020-04-28 07:17:34,2020-04-28 07:17:34,75.5,75.5,75.5,5012979.147313604,715023272.8895875,32255907146.01188
嘉義縣東石鄉網寮村,1651,2020-05-03 21:21:29,2020-05-03 22:49:04,77.9,418.1,191.36666666666667,5012979.147313604,1150501774.0125499,51901077630.5197
嘉義縣東石鄉網寮村,1639,2020-04-29 10:08:56,2020-04-29 10:08:56,75.4,75.4,75.4,5012979.147313604,714527589.5115013,32233546031.87254
嘉義縣東石鄉網寮村,1640,2020-04-29 17:40:28,2020-04-29 17:40:28,339.2,339.2,339.2,5012979.147313604,1399562018.0268633,63136605772.45376
嘉義縣東石鄉網寮村,1641,2020-04-29 23:25:32,2020-04-29 23:25:32,75.6,75.6,75.6,5012979.147313604,715518956.267674,32278268260.151234
嘉義縣東石鄉網寮村,1642,2020-04-30 03:57:20,2020-04-30 03:57:20,76.7,76.7,76.7,5012979.147313604,720971473.4266241,32524240515.684082
嘉義縣東石鄉網寮村,1643,2020-04-30 11:55:43,2020-04-30 11:55:43,76.7,76.7,76.7,5012979.147313604,720971473.4266241,32524240515.684082
嘉義縣東石鄉網寮村,1649,2020-05-03 05:51:53,2020-05-03 05:51:53,78.2,78.2,78.2,5012979.147313604,728406724.0979196,32859657227.774326
嘉義縣東石鄉網寮村,1650,2020-05-03 08:28:40,2020-05-03 08:50:10,77.8,77.8,77.8,5012979.147313604,726423990.5855742,32770212771.21693
嘉義縣東石鄉網寮村,1616,2020-04-14 22:34:09,2020-04-14 22:34:09,75.4,75.4,75.4,5012979.147313604,714527589.5115013,32233546031.87254
嘉義縣東石鄉網寮村,1652,2020-05-04 20:40:58,2020-05-04 20:40:58,78.0,78.0,78.0,5012979.147313604,727415357.3417468,32814934999.495625
嘉義縣東石鄉網寮村,1653,2020-05-05 10:10:49,2020-05-05 10:10:49,77.9,77.9,77.9,5012979.147313604,726919673.9636604,32792573885.35627
嘉義縣東石鄉網寮村,1654,2020-05-05 14:36:08,2020-05-05 14:36:08,78.1,78.1,78.1,5012979.147313604,727911040.719833,32837296113.634968
嘉義縣東石鄉網寮村,1655,2020-05-05 18:33:14,2020-05-05 18:33:14,77.4,77.4,77.4,5012979.147313604,724441257.0732286,32680768314.65953
嘉義縣東石鄉網寮村,1656,2020-05-06 07:08:33,2020-05-06 07:08:33,78.0,78.0,78.0,5012979.147313604,727415357.3417468,32814934999.495625
嘉義縣東石鄉網寮村,1657,2020-05-06 10:10:58,2020-05-06 10:10:58,339.0,339.0,339.0,5012979.147313604,1399376136.760081,63128220354.651505
嘉義縣東石鄉網寮村,1638,2020-04-28 18:56:49,2020-04-28 19:58:15,76.7,76.8,76.75,5012979.147313604,721219315.1156672,32535421072.753754
嘉義縣東石鄉網寮村,1615,2020-04-12 07:25:33,2020-04-12 07:25:33,77.0,77.0,77.0,5012979.147313604,722458523.5608832,32591323858.10213
嘉義縣東石鄉網寮村,1606,2020-04-02 07:16:28,2020-04-02 07:16:28,75.7,75.7,75.7,5012979.147313604,716014639.6457603,32300629374.29058
嘉義縣東石鄉網寮村,1613,2020-04-09 08:15:15,2020-04-09 08:15:15,75.5,75.5,75.5,5012979.147313604,715023272.8895875,32255907146.01188
嘉義縣東石鄉網寮村,1572,2020-03-12 15:17:29,2020-03-12 15:17:29,77.2,77.2,77.2,5012979.147313604,723449890.3170558,32636046086.380825
嘉義縣東石鄉網寮村,1573,2020-03-13 07:49:28,2020-03-13 07:49:28,75.8,75.8,75.8,5012979.147313604,716510323.0238466,32322990488.42993
嘉義縣東石鄉網寮村,1574,2020-03-13 15:03:16,2020-03-13 15:03:16,339.8,339.8,339.8,5012979.147313604,1400119661.8272107,63161762025.860535
嘉義縣東石鄉網寮村,1575,2020-03-17 23:45:32,2020-03-17 23:45:32,75.8,75.8,75.8,5012979.147313604,716510323.0238466,32322990488.42993
嘉義縣東石鄉網寮村,1576,2020-03-18 09:03:31,2020-03-18 09:03:31,75.7,75.7,75.7,5012979.147313604,716014639.6457603,32300629374.29058
嘉義縣東石鄉網寮村,1581,2020-03-19 11:14:11,2020-03-19 11:14:11,77.1,77.1,77.1,5012979.147313604,722954206.9389695,32613684972.241478
嘉義縣東石鄉網寮村,1583,2020-03-20 01:54:16,2020-03-20 01:54:16,76.3,76.3,76.3,5012979.147313604,718988739.9142785,32434796059.126682
嘉義縣東石鄉網寮村,1584,2020-03-20 07:21:49,2020-03-20 07:21:49,77.2,77.2,77.2,5012979.147313604,723449890.3170558,32636046086.380825
嘉義縣東石鄉網寮村,1585,2020-03-20 18:31:53,2020-03-20 19:50:43,11.1,339.6,175.35000000000002,5012979.147313604,1100881802.5186956,49662636933.861885
嘉義縣東石鄉網寮村,1587,2020-03-21 11:42:57,2020-03-21 11:42:57,339.7,339.7,339.7,5012979.147313604,1400026721.1938193,63157569316.9594
嘉義縣東石鄉網寮村,1588,2020-03-22 18:51:42,2020-03-22 18:51:42,339.6,339.6,339.6,5012979.147313604,1399933780.5604281,63153376608.05827
嘉義縣東石鄉網寮村,1589,2020-03-23 09:02:39,2020-03-23 09:02:39,76.7,76.7,76.7,5012979.147313604,720971473.4266241,32524240515.684082
嘉義縣東石鄉網寮村,1590,2020-03-24 09:25:17,2020-03-24 10:22:26,33.5,75.8,54.65,5012979.147313604,611673288.5585796,27593614847.957478
嘉義縣東石鄉網寮村,1591,2020-03-24 19:05:05,2020-03-24 19:05:05,76.7,76.7,76.7,5012979.147313604,720971473.4266241,32524240515.684082
嘉義縣東石鄉網寮村,1614,2020-04-09 23:28:44,2020-04-09 23:28:44,75.9,75.9,75.9,5012979.147313604,717006006.4019331,32345351602.569286
嘉義縣東石鄉網寮村,1593,2020-03-25 20:39:46,2020-03-25 20:39:46,100.7,100.7,100.7,5012979.147313604,839068038.2557015,37851775959.38414
嘉義縣東石鄉網寮村,1595,2020-03-26 07:58:31,2020-03-26 09:09:38,76.5,76.9,76.7,5012979.147313604,720971473.4266241,32524240515.684082
嘉義縣東石鄉網寮村,1596,2020-03-26 22:11:02,2020-03-26 22:11:02,76.9,76.9,76.9,5012979.147313604,721962840.1827967,32568962743.96278
嘉義縣東石鄉網寮村,1597,2020-03-27 11:58:01,2020-03-27 11:58:01,77.1,77.1,77.1,5012979.147313604,722954206.9389695,32613684972.241478
嘉義縣東石鄉網寮村,1599,2020-03-27 22:43:47,2020-03-27 22:43:47,77.1,77.1,77.1,5012979.147313604,722954206.9389695,32613684972.241478
嘉義縣東石鄉網寮村,1600,2020-03-29 11:26:00,2020-03-29 11:26:00,339.8,339.8,339.8,5012979.147313604,1400119661.8272107,63161762025.860535
嘉義縣東石鄉網寮村,1602,2020-03-30 07:22:11,2020-03-30 08:02:41,76.9,76.9,76.9,5012979.147313604,721962840.1827967,32568962743.96278
嘉義縣東石鄉網寮村,1603,2020-03-30 22:23:09,2020-03-30 22:23:09,339.7,339.7,339.7,5012979.147313604,1400026721.1938193,63157569316.9594
嘉義縣東石鄉網寮村,1658,2020-05-06 13:10:38,2020-05-06 14:09:30,9.8,339.2,116.52,5012979.147313604,897880871.0656493,40504922152.017975
嘉義縣東石鄉網寮村,1607,2020-04-02 16:07:42,2020-04-02 16:07:42,77.0,77.0,77.0,5012979.147313604,722458523.5608832,32591323858.10213
嘉義縣東石鄉網寮村,1608,2020-04-02 18:15:44,2020-04-02 18:15:44,75.7,75.7,75.7,5012979.147313604,716014639.6457603,32300629374.29058
嘉義縣東石鄉網寮村,1609,2020-04-02 22:48:03,2020-04-02 22:48:03,339.6,339.6,339.6,5012979.147313604,1399933780.5604281,63153376608.05827
嘉義縣東石鄉網寮村,1610,2020-04-03 09:44:53,2020-04-03 09:44:53,75.6,75.6,75.6,5012979.147313604,715518956.267674,32278268260.151234
嘉義縣東石鄉網寮村,1611,2020-04-03 23:13:00,2020-04-03 23:13:00,339.5,339.5,339.5,5012979.147313604,1399840839.9270368,63149183899.157135
嘉義縣東石鄉網寮村,1612,2020-04-08 22:34:28,2020-04-08 22:34:28,75.6,75.6,75.6,5012979.147313604,715518956.267674,32278268260.151234
嘉義縣東石鄉網寮村,1594,2020-03-26 01:39:37,2020-03-26 03:44:43,76.9,339.6,164.5,5012979.147313604,1067268273.4422137,48146273881.28723
基隆市七堵區堵南里,2372,2022-10-16 14:32:07,2022-10-17 07:17:07,8.8,168.0,109.86808510638298,2108164.677490648,367196269.6208723,16564843727.935225
屏東縣佳冬鄉羌園村,2579,2021-06-28 19:50:00,2021-06-28 19:50:00,276.27502441406,276.27502441406,276.27502441406,3521406.5655575045,926562281.7040322,41798789014.042725
屏東縣新園鄉新園村,2628,2021-06-30 08:20:00,2021-06-30 09:20:00,199.39996337891,199.67498779297,199.53928920200855,5086309.7019836325,1193020800.0124273,53819182686.10535
屏東縣新園鄉新園村,2629,2021-07-01 06:30:00,2021-07-01 08:40:00,203.89996337891,205.94995117188,205.0687408447275,5086309.7019836325,1204028634.0845146,54315764667.65825
屏東縣東港鎮大潭里,2644,2021-06-30 16:40:00,2021-06-30 17:00:00,205.77496337891,248.75,231.57499186198,6042473.6722733285,1489759841.1427467,67205581870.86895
新北市五股區更寮里,4081,2021-07-24 08:51:05,2021-07-24 23:19:06,7.6,111.0,60.09253112033195,3402738.8496111007,433507210.2807765,19556242226.122097
新北市汐止區環河里,4553,2021-05-24 15:28:47,2021-05-24 15:35:47,49.3,76.8,63.05,1369611.5398149972,178493035.17700335,8052122199.620077
新北市汐止區環河里,4554,2021-06-04 13:39:03,2021-06-04 14:59:04,13.2,168.0,111.77037037037036,1369611.5398149972,240488592.8341652,10848846484.094425
新北市汐止區環河里,4557,2022-10-16 14:41:06,2022-10-16 19:48:06,7.4,177.2,149.15694444444443,1369611.5398149972,278462282.5990628,12561903747.388767
新竹市北區南寮里,4714,2020-11-11 15:28:23,2020-11-11 15:28:23,147.3,147.3,147.3,2990753.496695165,603945822.5745094,27245015809.70684
新竹市東區前溪里,4819,2022-06-29 18:09:23,2022-06-29 20:09:23,9.2,110.7,71.8,2192309.876102966,304678106.5717056,13744543831.81625
桃園市中壢區中堅里,5187,2022-06-28 11:15:00,2022-06-28 11:15:00,100.0,100.0,100.0,1037809.0332767224,173168815.29255393,7811937650.76796
桃園市中壢區中堅里,5185,2022-05-23 17:00:00,2022-05-23 17:00:00,93.0,93.0,93.0,1037809.0332767224,165985516.28782576,7487886903.77314
桃園市中壢區中央里,5270,2022-05-23 17:00:00,2022-05-23 17:00:00,76.0,76.0,76.0,366262.2895910453,52422681.99441881,2364875699.672497
桃園市中壢區中榮里,5392,2022-06-28 11:15:00,2022-06-28 11:15:00,100.0,100.0,100.0,150811.80980741585,25164458.58446541,1135211216.552275
桃園市中壢區仁德里,5475,2022-06-28 11:15:00,2022-06-28 11:15:00,100.0,100.0,100.0,168228.25948401293,28070567.3775024,1266310691.1268384
桃園市中壢區仁福里,5578,2022-05-23 17:00:00,2022-05-23 17:00:00,91.0,91.0,91.0,419484.319325721,66262078.668146364,2989194251.235943
桃園市中壢區仁福里,5580,2022-06-28 11:15:00,2022-06-28 11:15:00,100.0,100.0,100.0,419484.319325721,69995153.52268982,3157599561.164728
桃園市中壢區健行里,5758,2022-05-23 17:00:00,2022-05-23 17:00:00,90.0,90.0,90.0,202507.880983252,31788067.09370303,1434013380.2665942
桃園市中壢區健行里,5759,2022-06-28 11:15:00,2022-06-28 11:15:00,100.0,100.0,100.0,202507.880983252,33790465.02086543,1524344931.7794507
桃園市中壢區幸福里,5786,2022-05-23 17:00:00,2022-05-23 17:00:00,66.0,66.0,66.0,297204.2542501335,39599732.59969119,1786410801.1205683
桃園市中壢區後寮里,5912,2022-05-23 17:00:00,2022-05-23 17:00:00,63.0,98.0,80.5,1425524.0468069408,210376557.98929346,9490441748.52767
桃園市中壢區復興里,6007,2022-06-28 11:15:00,2022-06-28 11:15:00,99.0,99.0,99.0,383149.63738349586,63553490.13236532,2867005248.976156
桃園市中壢區復興里,6003,2022-05-23 17:00:00,2022-05-23 17:00:00,88.0,88.0,88.0,383149.63738349586,59386048.15647252,2679004904.7809987
桃園市中壢區忠義里,6188,2022-05-23 17:00:00,2022-05-23 17:00:00,95.0,95.0,95.0,1141993.3293324143,184906991.9121872,8341466617.812986
桃園市中壢區忠義里,6195,2022-06-28 11:15:00,2022-06-28 11:15:00,90.0,100.0,96.66666666666669,1141993.3293324143,186788996.91892704,8426367041.40396
桃園市中壢區振興里,6289,2022-05-23 17:00:00,2022-05-23 17:00:00,96.0,96.0,96.0,916047.3598216526,149228511.94227436,6731950143.797373
桃園市中壢區普忠里,6519,2022-05-23 17:00:00,2022-05-23 17:00:00,93.0,93.0,93.0,1305009.286407625,208721097.25317734,9415761119.5011
桃園市中壢區普忠里,6532,2022-06-28 11:15:00,2022-06-28 11:15:00,100.0,100.0,100.0,1305009.286407625,217753849.52997634,9823243826.372864
桃園市中壢區林森里,6576,2022-05-23 17:00:00,2022-05-23 17:00:00,58.0,58.0,58.0,221491.9636592542,27759676.402199794,1252285874.2962365
桃園市中壢區石頭里,6680,2022-05-23 17:00:00,2022-05-23 17:00:00,92.0,92.0,92.0,232130.19652844276,36897001.88611737,1664486055.1113937
桃園市中壢區至善里,6784,2022-05-23 17:00:00,2022-05-23 17:00:00,98.0,98.0,98.0,384429.1110658319,63385594.46240093,2859431191.814768
桃園市中壢區興仁里,6899,2022-06-28 11:15:00,2022-06-28 11:15:00,100.0,100.0,100.0,469661.35286589543,78367693.33920331,3535298969.194275
桃園市中壢區興仁里,6894,2022-05-23 17:00:00,2022-05-23 17:00:00,89.0,89.0,89.0,469661.35286589543,73259280.73635155,3304849851.2023525
桃園市中壢區金華里,7106,2022-05-23 17:00:00,2022-05-23 17:00:00,52.0,52.0,52.0,126065.08572068288,15051868.678843807,679015210.9548497
桃園市中壢區龍安里,7185,2022-05-23 17:00:00,2022-05-23 17:00:00,48.0,92.0,70.0,182555.54703845855,25045890.83148836,1129862425.0156257
桃園市中壢區龍安里,7186,2022-06-28 11:15:00,2022-06-28 11:15:00,86.0,86.0,86.0,182555.54703845855,27934065.630074408,1260152866.8192296
桃園市中壢區龍岡里,7391,2022-05-23 17:00:00,2022-05-23 17:00:00,95.0,95.0,95.0,1486248.5291681164,240647416.84878471,10856011303.565855
桃園市中壢區龍慈里,7511,2022-05-23 17:00:00,2022-05-23 17:00:00,93.0,93.0,93.0,484845.56066892995,77545423.2204916,3498204975.7485533
桃園市中壢區龍興里,7586,2022-05-23 17:00:00,2022-05-23 17:00:00,90.0,90.0,90.0,550975.2811625052,86487691.83464077,3901605811.8178887
桃園市八德區大強里,7811,2022-06-28 11:15:00,2022-06-28 11:15:00,100.0,100.0,100.0,1127589.4693819983,188149578.86108026,8487745190.136486
桃園市八德區大興里,8055,2022-05-23 17:00:00,2022-05-23 17:00:00,94.0,94.0,94.0,1673457.3232209026,269304801.34543484,12148794305.76926
桃園市八德區大興里,8063,2022-06-28 11:15:00,2022-06-28 11:15:00,97.0,97.0,97.0,1673457.3232209026,274268945.1490373,12372735214.631369
桃園市八德區白鷺里,8120,2022-05-23 17:00:00,2022-05-23 17:00:00,93.0,93.0,93.0,3525553.608711356,563871403.2915205,25437191090.80144
桃園市八德區福德里,8239,2022-06-28 11:15:00,2022-06-28 11:15:00,99.0,99.0,99.0,1271783.936979607,210952327.7675318,9516415695.402548
桃園市八德區福德里,8237,2022-05-23 17:00:00,2022-05-23 17:00:00,95.0,95.0,95.0,1271783.936979607,205922167.93999004,9289496692.233484
桃園市大園區橫峰里,8686,2022-05-23 17:00:00,2022-05-23 17:00:00,89.0,89.0,89.0,4636503.404393972,723216637.8282659,32625523672.76822
桃園市大園區橫峰里,8694,2022-06-28 11:15:00,2022-06-28 11:15:00,99.0,99.0,99.0,4636503.404393972,769062383.4909135,34693702669.45717
桃園市大溪區南興里,8750,2020-11-02 02:05:00,2020-11-02 18:40:00,98.0,98.0,98.0,7909796.114448795,1304186166.8609922,58834040085.68171
桃園市大溪區南興里,8751,2020-11-03 00:00:00,2020-11-04 00:00:00,98.0,98.0,98.0,7909796.114448795,1304186166.8609922,58834040085.68171
桃園市大溪區南興里,8752,2020-11-04 07:40:00,2020-11-05 00:00:00,98.0,98.0,98.0,7909796.114448795,1304186166.8609922,58834040085.68171
桃園市大溪區南興里,8753,2020-11-05 05:35:00,2020-11-06 00:00:00,98.0,98.0,98.0,7909796.114448795,1304186166.8609922,58834040085.68171
桃園市大溪區南興里,8754,2020-11-06 04:25:00,2020-11-08 00:00:00,98.0,98.0,98.0,7909796.114448795,1304186166.8609922,58834040085.68171
桃園市大溪區南興里,8755,2020-11-08 07:55:00,2020-11-09 00:00:00,98.0,98.0,98.0,7909796.114448795,1304186166.8609922,58834040085.68171
桃園市大溪區南興里,8756,2020-11-09 04:00:00,2020-11-10 00:00:00,98.0,98.0,98.0,7909796.114448795,1304186166.8609922,58834040085.68171
桃園市大溪區南興里,8757,2020-11-10 06:15:00,2020-11-11 00:00:00,98.0,98.0,98.0,7909796.114448795,1304186166.8609922,58834040085.68171
桃園市大溪區南興里,8758,2020-11-11 02:30:00,2020-11-13 00:00:00,98.0,98.0,98.0,7909796.114448795,1304186166.8609922,58834040085.68171
桃園市大溪區南興里,8759,2020-11-13 08:05:00,2020-11-14 00:00:00,98.0,98.0,98.0,7909796.114448795,1304186166.8609922,58834040085.68171
桃園市大溪區南興里,8760,2020-11-14 06:30:00,2020-11-16 00:00:00,98.0,98.0,98.0,7909796.114448795,1304186166.8609922,58834040085.68171
桃園市大溪區南興里,8761,2020-11-16 09:15:00,2020-11-16 18:40:00,98.0,98.0,98.0,7909796.114448795,1304186166.8609922,58834040085.68171
桃園市大溪區南興里,8762,2020-11-17 00:00:00,2020-11-18 00:00:00,98.0,98.0,98.0,7909796.114448795,1304186166.8609922,58834040085.68171
桃園市大溪區南興里,8763,2020-11-18 07:25:00,2020-11-19 00:00:00,98.0,98.0,98.0,7909796.114448795,1304186166.8609922,58834040085.68171
桃園市大溪區南興里,8764,2020-11-19 04:15:00,2020-11-19 20:50:00,98.0,98.0,98.0,7909796.114448795,1304186166.8609922,58834040085.68171
桃園市大溪區南興里,8765,2020-11-20 00:00:00,2020-11-20 18:25:00,98.0,98.0,98.0,7909796.114448795,1304186166.8609922,58834040085.68171
桃園市大溪區南興里,8766,2020-11-21 01:45:00,2020-11-22 18:05:00,98.0,98.0,98.0,7909796.114448795,1304186166.8609922,58834040085.68171
桃園市大溪區南興里,8749,2020-10-30 05:30:00,2020-11-02 00:00:00,98.0,98.0,98.0,7909796.114448795,1304186166.8609922,58834040085.68171
桃園市大溪區南興里,8748,2020-10-29 07:15:00,2020-10-30 00:00:00,98.0,98.0,98.0,7909796.114448795,1304186166.8609922,58834040085.68171
桃園市大溪區南興里,8747,2020-10-27 08:20:00,2020-10-29 00:00:00,98.0,98.0,98.0,7909796.114448795,1304186166.8609922,58834040085.68171
桃園市大溪區南興里,8746,2020-10-25 05:30:00,2020-10-27 00:00:00,98.0,98.0,98.0,7909796.114448795,1304186166.8609922,58834040085.68171
桃園市大溪區南興里,8729,2020-10-01 00:00:00,2020-10-02 00:00:00,98.0,98.0,98.0,7909796.114448795,1304186166.8609922,58834040085.68171
桃園市大溪區南興里,8730,2020-10-02 06:45:00,2020-10-04 00:00:00,98.0,98.0,98.0,7909796.114448795,1304186166.8609922,58834040085.68171
桃園市大溪區南興里,8731,2020-10-04 06:05:00,2020-10-07 19:45:00,98.0,98.0,98.0,7909796.114448795,1304186166.8609922,58834040085.68171
桃園市大溪區南興里,8732,2020-10-08 00:00:00,2020-10-08 19:55:00,98.0,98.0,98.0,7909796.114448795,1304186166.8609922,58834040085.68171
桃園市大溪區南興里,8733,2020-10-09 00:00:00,2020-10-09 18:40:00,98.0,98.0,98.0,7909796.114448795,1304186166.8609922,58834040085.68171
桃園市大溪區南興里,8734,2020-10-10 00:00:00,2020-10-10 21:55:00,98.0,98.0,98.0,7909796.114448795,1304186166.8609922,58834040085.68171
桃園市大溪區南興里,8735,2020-10-11 00:00:00,2020-10-11 21:20:00,98.0,98.0,98.0,7909796.114448795,1304186166.8609922,58834040085.68171
桃園市大溪區南興里,8736,2020-10-12 00:00:00,2020-10-13 00:00:00,98.0,98.0,98.0,7909796.114448795,1304186166.8609922,58834040085.68171
桃園市大溪區南興里,8737,2020-10-13 07:50:00,2020-10-13 16:05:00,98.0,98.0,98.0,7909796.114448795,1304186166.8609922,58834040085.68171
桃園市大溪區南興里,8738,2020-10-14 00:00:00,2020-10-14 18:00:00,98.0,98.0,98.0,7909796.114448795,1304186166.8609922,58834040085.68171
桃園市大溪區南興里,8739,2020-10-15 00:00:00,2020-10-15 18:50:00,98.0,98.0,98.0,7909796.114448795,1304186166.8609922,58834040085.68171
桃園市大溪區南興里,8740,2020-10-16 00:00:00,2020-10-16 19:40:00,98.0,98.0,98.0,7909796.114448795,1304186166.8609922,58834040085.68171
桃園市大溪區南興里,8741,2020-10-17 00:00:00,2020-10-17 16:20:00,98.0,98.0,98.0,7909796.114448795,1304186166.8609922,58834040085.68171
桃園市大溪區南興里,8742,2020-10-18 00:00:00,2020-10-19 21:55:00,98.0,98.0,98.0,7909796.114448795,1304186166.8609922,58834040085.68171
桃園市大溪區南興里,8743,2020-10-20 00:00:00,2020-10-21 00:00:00,98.0,98.0,98.0,7909796.114448795,1304186166.8609922,58834040085.68171
桃園市大溪區南興里,8744,2020-10-21 06:30:00,2020-10-23 00:00:00,98.0,98.0,98.0,7909796.114448795,1304186166.8609922,58834040085.68171
桃園市大溪區南興里,8745,2020-10-23 05:25:00,2020-10-25 00:00:00,98.0,98.0,98.0,7909796.114448795,1304186166.8609922,58834040085.68171
桃園市大溪區南興里,8767,2020-11-23 00:00:00,2020-11-24 00:00:00,98.0,98.0,98.0,7909796.114448795,1304186166.8609922,58834040085.68171
桃園市大溪區南興里,8768,2020-11-24 02:50:00,2020-11-24 10:10:00,98.0,98.0,98.0,7909796.114448795,1304186166.8609922,58834040085.68171
桃園市平鎮區平南里,8948,2022-05-23 17:00:00,2022-05-23 17:00:00,93.0,93.0,93.0,803490.4858410694,128508982.72064331,5797257195.998438
桃園市平鎮區義民里,9434,2022-05-23 17:00:00,2022-05-23 17:00:00,73.0,73.0,73.0,456233.2568395192,63946748.23844342,2884745786.151693
桃園市平鎮區莊敬里,9500,2022-05-23 17:00:00,2022-05-23 17:00:00,54.0,54.0,54.0,304134.1503604937,36914343.326835,1665268356.782926
桃園市新屋區永安里,9861,2022-05-23 17:00:00,2022-05-23 17:00:00,93.0,100.0,96.5,6030380.07814244,985359280.4644122,44451220905.96501
桃園市新屋區永興里,9915,2022-05-23 17:00:00,2022-05-23 17:00:00,52.0,52.0,52.0,4445604.246392119,530794477.56902766,23945035121.571873
桃園市新屋區笨港里,10163,2022-05-23 17:00:00,2022-05-23 17:00:00,98.0,98.0,98.0,5449396.555357592,898509582.5990927,40533284390.86151
桃園市桃園區中正里,10188,2020-08-27 14:00:00,2020-08-27 16:15:00,100.0,100.0,100.0,480600.5653852973,80193010.34019071,3617642101.1289163
桃園市桃園區大林里,10277,2020-08-27 14:00:00,2020-08-27 16:00:00,78.0,78.0,78.0,724784.3478058792,105170847.48645903,4744434509.496651
桃園市桃園區大林里,10311,2022-05-23 17:00:00,2022-05-23 17:00:00,68.0,100.0,88.33333333333333,724784.3478058792,112576404.03860039,5078511669.73378
桃園市桃園區大林里,10324,2022-06-28 11:15:00,2022-06-28 11:15:00,74.0,100.0,87.0,724784.3478058792,111620848.35445312,5035404939.380602
桃園市桃園區大樹里,10483,2022-06-28 11:15:00,2022-06-28 11:15:00,96.0,99.0,97.5,1213573.417014868,199496906.87624013,8999642316.691772
桃園市桃園區大樹里,10472,2022-05-23 17:00:00,2022-05-23 17:00:00,100.0,100.0,100.0,1213573.417014868,202496860.3631009,9134975283.86007
桃園市桃園區大豐里,10515,2020-08-27 13:55:00,2020-08-27 16:10:00,100.0,100.0,100.0,231824.33794513837,38682209.029525794,1745019763.645761
桃園市桃園區寶民里,10523,2020-08-27 14:00:00,2020-08-27 16:10:00,76.0,77.0,76.84615384615384,135965.7522771438,19574374.37178394,883033078.9457189
桃園市桃園區寶民里,10530,2022-05-23 17:00:00,2022-05-23 17:00:00,100.0,100.0,100.0,135965.7522771438,22687245.424964216,1023459948.1902896
桃園市桃園區忠義里,10652,2022-05-23 17:00:00,2022-05-23 17:00:00,61.0,61.0,61.0,406443.0335761187,52145340.59010858,2352364360.637304
桃園市桃園區忠義里,10658,2022-06-28 11:15:00,2022-06-28 11:15:00,95.0,95.0,95.0,406443.0335761187,65809630.22451083,2968783537.991202
桃園市桃園區文化里,10678,2022-05-23 17:00:00,2022-05-23 17:00:00,89.0,89.0,89.0,144476.7438443132,22535944.830416277,1016634522.9014708
桃園市桃園區春日里,10711,2022-06-28 11:15:00,2022-06-28 11:15:00,74.0,74.0,74.0,488566.1477911814,68961698.0401026,3110978639.3712945
桃園市桃園區會稽里,10712,2022-05-23 17:00:00,2022-05-23 17:00:00,93.0,93.0,93.0,190047.8702617315,30395952.293068923,1371212731.0452414
桃園市桃園區玉山里,10979,2022-06-28 11:15:00,2022-06-28 11:15:00,100.0,100.0,100.0,838339.1428447891,139885269.3750815,6310460695.667793
桃園市桃園區玉山里,10973,2022-05-23 17:00:00,2022-05-23 17:00:00,95.0,95.0,95.0,838339.1428447891,135740520.65285686,6123484082.462821
桃園市桃園區福元里,10996,2020-08-27 14:00:00,2020-08-27 16:15:00,75.0,76.0,75.8,249904.24379978876,35719073.466717355,1611347715.1979704
桃園市桃園區福元里,10999,2022-05-23 17:00:00,2022-05-23 17:00:00,100.0,100.0,100.0,249904.24379978876,41699022.12043276,1881113296.0197687
桃園市桃園區龍壽里,11514,2022-05-23 17:00:00,2022-05-23 17:00:00,94.0,94.0,94.0,730652.548280928,117581868.76771456,5304316635.3154745
桃園市桃園區龍安里,11604,2022-05-23 17:00:00,2022-05-23 17:00:00,90.0,90.0,90.0,815550.0943538408,128018529.4109111,5775132019.073435
桃園市桃園區龍安里,11607,2022-06-28 11:15:00,2022-06-28 11:15:00,100.0,100.0,100.0,815550.0943538408,136082688.74388188,6138919862.794597
桃園市桃園區龍山里,11740,2022-05-23 17:00:00,2022-05-23 17:00:00,90.0,90.0,90.0,1360879.1033893833,213619914.61723828,9636755042.372786
桃園市桃園區龍祥里,11926,2022-05-23 17:00:00,2022-05-23 17:00:00,62.0,62.0,62.0,435464.4944969349,56299288.449732915,2539755962.4629793
桃園市桃園區龍祥里,11932,2022-06-28 11:15:00,2022-06-28 11:15:00,100.0,100.0,100.0,435464.4944969349,72661605.55175856,3277887714.4598694
桃園市楊梅區高山里,12007,2022-06-28 11:15:00,2022-06-28 11:15:00,100.0,100.0,100.0,3172511.872311359,529365331.0138734,23880563907.37656
桃園市楊梅區高山里,12006,2022-05-23 17:00:00,2022-05-23 17:00:00,92.0,92.0,92.0,3172511.872311359,504269493.09914166,22748448285.100933
桃園市蘆竹區宏竹里,12008,2022-05-23 17:00:00,2022-05-23 17:00:00,100.0,100.0,100.0,5175221.720897741,863537496.3489971,38955634530.281944
桃園市蘆竹區富竹里,12059,2022-06-28 11:15:00,2022-06-28 11:15:00,100.0,100.0,100.0,2550906.8835952445,425644322.5967025,19201534086.326797
桃園市蘆竹區蘆竹里,12245,2022-05-23 17:00:00,2022-05-23 17:00:00,95.0,100.0,97.5,8409855.310268104,1382479294.744353,62365975281.26029
桃園市蘆竹區蘆竹里,12250,2022-06-28 11:15:00,2022-06-28 11:15:00,100.0,100.0,100.0,8409855.310268104,1403268457.071336,63303809496.01608
桃園市蘆竹區長興里,12449,2022-05-23 17:00:00,2022-05-23 17:00:00,95.0,95.0,95.0,2435479.2911823606,394343064.9110831,17789481500.429165
桃園市蘆竹區長興里,12462,2022-06-28 11:15:00,2022-06-28 11:15:00,100.0,100.0,100.0,2435479.2911823606,406384074.52668875,18332671775.251434
桃園市龍潭區上華里,12558,2022-06-28 11:15:00,2022-06-28 11:15:00,96.0,96.0,96.0,1270699.7225865358,207003084.1680151,9338258648.390368
桃園市龍潭區中正里,12709,2022-05-23 17:00:00,2022-05-23 17:00:00,93.0,93.0,93.0,898206.0054160403,143657631.37663284,6480638315.133856
桃園市龍潭區富林里,12799,2022-05-23 17:00:00,2022-05-23 17:00:00,89.0,89.0,89.0,2192188.090602745,341944513.3741061,15425694366.435781
桃園市龜山區南美里,12929,2022-06-28 11:15:00,2022-06-28 11:15:00,100.0,100.0,100.0,452229.8825110854,75459078.19579972,3404086428.92274
桃園市龜山區大坑里,13098,2022-05-23 17:00:00,2022-05-23 17:00:00,82.0,82.0,82.0,9249682.874462914,1378772528.760041,62198756808.88976
桃園市龜山區大坑里,13102,2022-06-28 11:15:00,2022-06-28 11:15:00,100.0,100.0,100.0,9249682.874462914,1543402084.4328818,69625474039.80199
桃園市龜山區山德里,13158,2022-05-23 17:00:00,2022-05-23 17:00:00,83.0,83.0,83.0,320045.73873770726,48022991.11588847,2166398215.330607
桃園市龜山區山頂里,13231,2022-05-23 17:00:00,2022-05-23 17:00:00,94.0,94.0,94.0,1541845.8950654217,248124942.72437212,11193335121.502747
桃園市龜山區文化里,13410,2022-05-23 17:00:00,2022-05-23 17:00:00,92.0,92.0,92.0,3394300.458020898,539522700.0822387,24338779976.61429
桃園市龜山區文化里,13416,2022-06-28 11:15:00,2022-06-28 11:15:00,97.0,97.0,97.0,3394300.458020898,556304121.5466938,25095818234.05174
桃園市龜山區楓樹里,13689,2022-05-23 17:00:00,2022-05-23 17:00:00,94.0,94.0,94.0,8673673.33160782,1395829962.970318,62968246467.33459
桃園市龜山區樂善里,13745,2020-08-27 14:10:00,2020-08-27 14:20:00,77.0,77.0,77.0,4915645.638925595,708431051.9324234,31958520927.769005
桃園市龜山區樂善里,13781,2022-05-23 17:00:00,2022-05-23 17:00:00,70.0,98.0,84.0,4915645.638925595,742455184.7868108,33493407010.06323
臺中市大里區夏田里,14093,2022-11-08 04:31:03,2022-11-08 06:00:03,254.6,257.7,256.2555555555556,3060252.7622340196,782505284.7920235,35300134645.28541
臺南市仁德區太子里,14729,2022-12-24 18:33:18,2022-12-24 18:33:18,206.9,206.9,206.9,1836479.1355124984,435977428.78154653,19667677953.618343
臺南市仁德區太子里,14728,2022-12-24 12:09:18,2022-12-24 15:45:28,202.3,300.0,275.575,1836479.1355124984,482742800.6588403,21777342841.624912
臺南市仁德區太子里,14727,2022-12-24 09:29:08,2022-12-24 09:39:08,300.0,300.0,300.0,1836479.1355124984,499375406.5285586,22527667776.31091
臺南市仁德區太子里,14725,2022-11-01 18:38:56,2022-11-01 18:38:56,300.0,300.0,300.0,1836479.1355124984,499375406.5285586,22527667776.31091
臺南市仁德區太子里,14730,2022-12-25 14:51:38,2022-12-25 14:51:38,150.1,150.1,150.1,1836479.1355124984,374645049.3069936,16900870756.727795
臺南市仁德區太子里,14723,2022-10-07 22:49:25,2022-10-07 23:04:55,300.0,300.0,300.0,1836479.1355124984,499375406.5285586,22527667776.31091
臺南市仁德區太子里,14704,2021-05-16 03:37:36,2021-05-16 05:19:36,300.0,300.0,300.0,1836479.1355124984,499375406.5285586,22527667776.31091
臺南市仁德區太子里,14703,2021-05-14 21:25:26,2021-05-14 21:57:36,300.0,300.0,300.0,1836479.1355124984,499375406.5285586,22527667776.31091
臺南市仁德區太子里,14702,2021-05-13 04:27:26,2021-05-13 05:29:56,300.0,300.0,300.0,1836479.1355124984,499375406.5285586,22527667776.31091
臺南市仁德區太子里,14724,2022-10-23 08:09:07,2022-10-23 08:09:07,300.0,300.0,300.0,1836479.1355124984,499375406.5285586,22527667776.31091
臺南市仁德區成功里,14760,2019-06-15 11:35:07,2019-06-15 11:35:07,302.0,302.0,302.0,9099387.111555615,2477679396.1151676,111772301082.87495
臺南市仁德區成功里,14761,2019-06-16 10:01:07,2019-06-16 10:53:07,3.5,302.0,103.03333333333336,9099387.111555615,1538792986.7293568,69417549860.00433
臺南市仁德區文賢里,14842,2019-08-13 04:55:17,2019-08-13 21:35:18,5.8,196.1,177.63061224489795,3448487.3854055526,762169916.7661421,34382771857.6771
臺南市仁德區文賢里,14845,2020-08-26 05:24:36,2020-08-26 19:34:36,13.0,194.7,166.60365853658536,3448487.3854055526,738669656.7148758,33322635446.931446
臺南市仁德區文賢里,14874,2021-08-01 05:29:07,2021-08-01 14:44:07,33.3,206.3,148.57368421052632,3448487.3854055526,699636859.8827689,31561800075.549057
臺南市北區公園里,15183,2021-08-02 13:40:00,2021-08-02 15:30:00,5.0,191.0,116.91666666666669,403529.2948691149,72395334.55771153,3265875780.3238688
臺南市北門區蚵寮里,15361,2022-07-27 13:37:47,2022-07-27 13:37:47,300.0,300.0,300.0,4185209.8250438585,1138042255.625926,51339007718.391075
臺南市北門區蚵寮里,15360,2022-07-27 00:03:47,2022-07-27 05:31:37,300.0,300.0,300.0,4185209.8250438585,1138042255.625926,51339007718.391075
臺南市北門區蚵寮里,15359,2022-07-26 15:16:57,2022-07-26 15:16:57,300.0,300.0,300.0,4185209.8250438585,1138042255.625926,51339007718.391075
臺南市南區喜南里,15366,2019-11-03 21:14:13,2019-11-03 21:34:13,233.2,302.0,279.06666666666666,461397.759013888,121881872.3137699,5498297055.7688675
臺南市南區喜南里,15367,2019-12-15 16:28:10,2019-12-15 20:46:31,247.6,302.0,295.2,461397.759013888,124642064.44365314,5622813983.29049
臺南市南區喜南里,15368,2019-12-19 04:42:02,2019-12-19 04:42:02,302.0,302.0,302.0,461397.759013888,125634364.92009878,5667578333.267273
臺南市南區喜南里,15394,2020-08-16 11:41:24,2020-08-16 11:41:24,302.0,302.0,302.0,461397.759013888,125634364.92009878,5667578333.267273
臺南市南區喜南里,15395,2020-08-23 11:57:19,2020-08-23 11:57:19,302.0,302.0,302.0,461397.759013888,125634364.92009878,5667578333.267273
臺南市南區省躬里,15444,2020-03-10 08:39:57,2020-03-10 09:39:57,302.0,302.0,302.0,2009035.3181413484,547041834.0049622,24677980803.81205
臺南市南區省躬里,15450,2020-03-13 00:50:31,2020-03-13 03:04:31,302.0,302.0,302.0,2009035.3181413484,547041834.0049622,24677980803.81205
臺南市南區省躬里,15449,2020-03-12 09:39:31,2020-03-12 10:00:31,100.9,302.0,234.96666666666667,2009035.3181413484,497850282.79462045,22458866869.524643
臺南市南區省躬里,15446,2020-03-11 03:11:57,2020-03-11 03:11:57,302.0,302.0,302.0,2009035.3181413484,547041834.0049622,24677980803.81205
臺南市南區省躬里,15445,2020-03-10 11:48:57,2020-03-10 11:48:57,302.0,302.0,302.0,2009035.3181413484,547041834.0049622,24677980803.81205
臺南市南區省躬里,15443,2020-03-10 01:42:57,2020-03-10 06:12:57,3.2,302.0,152.64,2009035.3181413484,413000444.0840005,18631147377.621517
臺南市南區省躬里,15447,2020-03-11 10:14:57,2020-03-11 11:02:57,302.0,302.0,302.0,2009035.3181413484,547041834.0049622,24677980803.81205
臺南市南區省躬里,15441,2020-03-08 02:04:15,2020-03-08 06:09:36,302.0,302.0,302.0,2009035.3181413484,547041834.0049622,24677980803.81205
臺南市南區省躬里,15440,2020-02-19 11:19:37,2020-02-19 12:32:37,3.2,302.0,88.57142857142857,2009035.3181413484,312524386.0698864,14098502748.303236
臺南市南區省躬里,15439,2020-02-18 19:43:37,2020-02-19 00:47:37,219.4,302.0,260.72499999999997,2009035.3181413484,517038960.83489895,23324500535.713737
臺南市南區省躬里,15438,2020-02-18 15:56:37,2020-02-18 17:17:37,220.3,302.0,247.5666666666667,2009035.3181413484,507236656.5238023,22882302037.197857
臺南市南區省躬里,15442,2020-03-09 00:01:57,2020-03-09 00:33:57,302.0,302.0,302.0,2009035.3181413484,547041834.0049622,24677980803.81205
臺南市南區省躬里,15437,2020-02-18 13:05:37,2020-02-18 13:45:37,302.0,302.0,302.0,2009035.3181413484,547041834.0049622,24677980803.81205
臺南市南區省躬里,15436,2020-02-17 16:01:37,2020-02-17 17:31:37,302.0,302.0,302.0,2009035.3181413484,547041834.0049622,24677980803.81205
臺南市安南區淵東里,15747,2020-05-05 07:14:02,2020-05-06 11:49:02,302.0,302.0,302.0,1134886.691565413,309019205.15569955,13940378118.819403
臺南市安南區淵東里,15745,2020-05-04 18:33:02,2020-05-04 18:42:02,82.0,82.1,82.05,1134886.691565413,169224134.86147797,7633986455.988983
臺南市安南區淵東里,15746,2020-05-05 00:42:02,2020-05-05 03:25:02,82.0,302.0,193.775,1134886.691565413,262150824.8004349,11826066344.44331
臺南市安南區淵東里,15737,2020-03-11 09:34:53,2020-03-11 11:50:53,3.3,302.0,102.93333333333334,1134886.691565413,191835980.46796858,8654044991.056479
臺南市安南區淵東里,15738,2020-03-13 09:33:53,2020-03-13 09:33:53,302.0,302.0,302.0,1134886.691565413,309019205.15569955,13940378118.819403
臺南市永康區建國里,16036,2020-05-12 20:27:12,2020-05-12 20:27:12,302.0,302.0,302.0,1056699.299575188,287729497.6407676,12979963465.472254
臺南市永康區建國里,16028,2020-04-10 19:51:37,2020-04-10 19:51:37,302.0,302.0,302.0,1056699.299575188,287729497.6407676,12979963465.472254
臺南市永康區建國里,16029,2020-04-24 01:52:39,2020-04-24 01:52:39,302.0,302.0,302.0,1056699.299575188,287729497.6407676,12979963465.472254
臺南市永康區建國里,16030,2020-04-24 10:46:39,2020-04-24 10:56:39,302.0,302.0,302.0,1056699.299575188,287729497.6407676,12979963465.472254
臺南市永康區建國里,16031,2020-04-24 23:28:39,2020-04-24 23:48:39,302.0,302.0,302.0,1056699.299575188,287729497.6407676,12979963465.472254
臺南市永康區建國里,16032,2020-04-28 08:34:11,2020-04-28 08:34:11,302.0,302.0,302.0,1056699.299575188,287729497.6407676,12979963465.472254
臺南市永康區建國里,16033,2020-04-29 05:47:32,2020-04-29 05:47:32,302.0,302.0,302.0,1056699.299575188,287729497.6407676,12979963465.472254
臺南市永康區建國里,16034,2020-05-03 01:19:06,2020-05-03 01:19:06,302.0,302.0,302.0,1056699.299575188,287729497.6407676,12979963465.472254
臺南市永康區建國里,16035,2020-05-05 06:06:06,2020-05-05 06:06:06,302.0,302.0,302.0,1056699.299575188,287729497.6407676,12979963465.472254
臺南市永康區建國里,16037,2020-05-22 18:48:37,2020-05-22 18:48:37,302.0,302.0,302.0,1056699.299575188,287729497.6407676,12979963465.472254
臺南市永康區西勢里,16081,2022-08-30 05:30:30,2022-08-30 06:35:00,10.8,100.1,55.45,2401638.2914969404,294942700.8749161,13305363242.749063
臺南市白河區白河里,16089,2021-08-02 11:50:21,2021-08-03 03:00:17,4.1,160.9,83.20217391304348,1064570.3955491986,159952031.48523304,7215706216.88051
臺南市白河區白河里,16090,2021-08-06 18:48:17,2021-08-07 14:18:16,4.1,140.2,75.16810344827586,1064570.3955491986,151494989.64869773,6834194780.047398
苗栗縣三義鄉双湖村,16336,2021-08-07 07:45:11,2021-08-07 16:14:31,5.9,110.0,77.88673469387754,9697838.698585156,1406132335.0645475,63433003867.90446
雲林縣二崙鄉楊賢村,16968,2019-11-13 16:40:00,2019-11-13 16:56:08,0.22698640823364,402.03995704651,234.38888986905377,4127000.7882817346,1021809904.4717166,46095570101.26087
雲林縣二崙鄉田尾村,17268,2020-12-03 19:20:20,2020-12-03 19:20:20,68.1431361,68.1431361,68.1431361,3127750.850308928,423372145.4624427,19099032339.263676
雲林縣元長鄉下寮村,17276,2019-11-13 14:10:00,2019-11-13 14:16:18,0.010418891906738,399.93669986725,199.9735593795784,4748097.954151332,1114965738.1916578,50297987052.5812
雲林縣元長鄉卓運村,17311,2019-11-13 12:40:00,2019-11-13 12:48:40,0.31558275222778,401.291847229,100.5614906549444,1667205.0189468912,278884056.0816702,12580930661.347322
雲林縣元長鄉龍岩村,17590,2019-11-13 12:40:00,2019-11-13 12:41:57,0.053083896636963,400.38294792175,266.89372460047235,3073472.2406162047,798009219.8742757,35999543335.00529
雲林縣北港鎮大同里,17653,2019-11-13 09:20:00,2019-11-13 09:30:00,0.54526329040527,402.24013328552,201.39269828796265,296111.8578700841,69691824.57446796,3143915880.144107
雲林縣北港鎮大同里,17680,2021-05-03 10:31:41,2021-05-03 14:30:01,21.4524746,78.49184,61.63920187954545,296111.8578700841,38177359.180024475,1722245134.503435
雲林縣北港鎮新街里,17734,2019-11-12 18:10:00,2019-11-12 18:30:00,0.14249086380005,402.02684402466,160.73375940322882,3862099.585723848,813255685.4186038,36687337139.13599
雲林縣口湖鄉下崙村,17828,2019-11-13 14:50:00,2019-11-13 15:00:00,0.38038492202759,402.04653739929,161.05603218078548,5073139.453376066,1069278934.2289723,48236978184.3482
雲林縣口湖鄉口湖村,17867,2019-11-13 15:20:00,2019-11-13 18:50:00,0.0022172927856445,400.85215568542,73.985918611288,2740408.453328324,386773785.1148506,17448018508.206867
雲林縣口湖鄉港西村,18427,2019-11-13 16:30:00,2019-11-13 19:00:00,0.12198686599731,401.57732963562,54.1014769981649,2889891.998209861,351051192.3413927,15836512031.139536
雲林縣口湖鄉湖口村,18479,2019-11-13 14:40:00,2019-11-13 14:45:33,400.7438659668,401.16715431213,400.955510139465,9970719.56533112,2897272757.428282,130700866088.74265
雲林縣古坑鄉崁腳村,18509,2019-11-12 18:00:00,2019-11-12 18:06:42,0.35495758056641,401.60355567932,312.360919846429,14925385.254128804,4092715480.697647,184629305822.34918
雲林縣古坑鄉華南村,18549,2019-11-12 17:40:00,2019-11-12 17:45:21,0.10229349136353,400.52404403687,200.30496418476335,5702709.034568632,1339869056.120025,60443755470.17454
雲林縣四湖鄉廣溝村,18566,2019-11-12 16:50:00,2019-11-12 16:50:00,398.259973526,398.259973526,398.259973526,5301356.157640237,1538121687.236615,69387266406.40773
雲林縣四湖鄉林東村,18595,2019-11-12 17:10:00,2019-11-12 17:20:00,400.03514289856,400.23527145386,400.13520717621,1661900.7601083743,482743467.81342036,21777372938.0945
雲林縣土庫鎮奮起里,18762,2019-11-13 14:11:24,2019-11-13 14:11:24,401.18684768677,401.21307373047,401.19996070862,7078795.766715567,2057156911.0107555,92801821733.97037
雲林縣大埤鄉興安村,19024,2019-11-13 14:20:00,2019-11-13 14:31:39,398.82106781006,402.11544036865,400.731406211852,1180621.202283694,343029964.70631737,15474660908.799961
雲林縣大埤鄉西鎮村,19183,2019-11-13 14:36:33,2019-11-13 14:40:00,0.18023252487183,402.0170211792,267.616426944734,3420848.039175885,889120040.9033786,40109706310.86896
雲林縣大埤鄉豐田村,19209,2019-11-13 14:20:00,2019-11-13 14:22:02,399.93996620178,400.57983398438,400.3895044326775,3121765.0310147707,906898161.2553757,40911707338.03439
雲林縣崙背鄉羅厝村,19362,2021-06-28 18:19:41,2021-06-28 18:19:41,51.00873709,51.00873709,51.00873709,2945690.4402077193,348821118.7072162,15735909644.056292
雲林縣斗六市榴南里,19390,2019-11-13 12:36:01,2019-11-13 12:36:59,0.58135986328125,402.37793922424,201.4677584171291,2785585.511212482,655682941.9412684,29578964621.6835
雲林縣斗南鎮僑真里,19467,2022-07-21 13:39:48,2022-07-21 13:49:40,52.41996,52.73578,52.6209368,2385065.8575529456,286235527.4733343,12912567948.673347
雲林縣斗南鎮舊社里,19551,2019-11-13 10:34:07,2019-11-13 10:34:58,0.39678812026978,401.58386230469,200.9903252124799,3134893.590912622,737349583.2810127,33263084705.405888
雲林縣斗南鎮舊社里,19611,2022-11-17 13:41:42,2022-11-17 13:58:22,50.0942742,91.08757,72.97989117777779,3134893.590912622,439331876.4660266,19819002752.59933
雲林縣斗南鎮靖興里,19805,2022-07-16 13:32:02,2022-07-16 13:50:42,2.84710026,359.761883,77.14871255599999,1790154.479755435,258256004.0533,11650364404.194237
雲林縣水林鄉[欍]埔村,20212,2019-11-13 12:10:00,2019-11-13 12:25:54,0.574791431427,400.17294883728,200.3738701343535,3018961.5525364294,709391452.7949685,32001846232.300716
雲林縣水林鄉大溝村,20242,2019-11-13 09:56:41,2019-11-13 11:48:41,0.76018571853638,403.27372550964,241.37235879897835,3626996.7513046814,907405205.0595088,40934580940.17462
雲林縣水林鄉松北村,20318,2019-11-13 12:20:00,2019-11-13 12:31:20,0.084257125854492,400.40593147278,266.85271263122485,3336219.897416922,866179388.5177886,39074814746.81103
雲林縣水林鄉松西村,20364,2019-11-13 11:58:31,2019-11-13 11:59:11,0.011241436004639,400.04496574402,200.0281035900123,2047710.1504397315,480905590.5300886,21694463190.61546
雲林縣水林鄉灣西村,20408,2019-11-13 09:40:00,2019-11-13 09:40:00,395.22483348846,395.22483348846,395.22483348846,4102381.294487951,1187945767.5270839,53590239401.57605
雲林縣莿桐鄉埔子村,20859,2019-11-13 11:15:42,2019-11-13 11:17:15,0.5009651184082,401.93166732788,268.03612709045274,3198394.4760331567,831799401.8810856,37523875499.54282
雲林縣莿桐鄉興桐村,20873,2019-11-13 11:10:00,2019-11-13 11:38:04,402.11215019226,403.49683761597,403.1285166740425,3076169.5541331572,894693716.2744635,40361144217.92501
雲林縣莿桐鄉饒平村,20957,2019-11-13 11:41:24,2019-11-13 11:41:24,399.63154792786,399.63154792786,399.63154792786,4228255.4335697405,1227850236.8178096,55390397389.37246
雲林縣莿桐鄉饒平村,20958,2019-11-13 13:59:12,2019-11-13 16:10:00,17.663466930389,471.03123664856,376.3657545049985,4228255.4335697405,1209611749.60137,54567628435.62956
雲林縣莿桐鄉麻園村,20973,2019-11-12 17:10:00,2019-11-12 17:14:07,0.64780712127686,402.58135795593,201.61458253860343,4611967.69875141,1085835620.4273458,48983878254.4706
雲林縣虎尾鎮中山里,21039,2019-11-13 10:30:00,2019-11-13 10:30:00,399.46091175079,399.46091175079,399.46091175079,100367.90648928186,29142830.651600767,1314682297.9217079
雲林縣西螺鎮埤頭里,21500,2019-11-13 10:23:34,2019-11-13 10:24:14,0.49686431884766,401.88574790955,201.1913061141988,2328378.2835784075,547824885.3401777,24713305571.713936
雲林縣西螺鎮廣興里,21548,2019-11-13 10:00:00,2019-11-13 10:00:00,398.73905181885,398.73905181885,398.73905181885,2086500.897573732,605557268.9617852,27317710877.13966
雲林縣西螺鎮新安里,21565,2019-11-12 16:12:00,2019-11-12 16:30:00,0.12280941009521,400.04496574402,300.0029027462013,2336157.9157032515,635249317.6861379,28657169329.669605
雲林縣西螺鎮新安里,21609,2022-06-09 11:40:02,2022-06-09 12:01:41,29.7268867,77.118575,53.074243583333335,2336157.9157032515,281413143.45688146,12695022063.168814
雲林縣西螺鎮新豐里,21613,2019-11-13 10:00:00,2019-11-13 10:04:27,0.16546249389648,400.7143497467,240.4943037033061,1873560.353147243,468118961.27097857,21117636754.707237
雲林縣西螺鎮新豐里,21612,2019-11-12 16:30:00,2019-11-12 16:52:01,0.093269348144531,399.88746643066,171.3669623647418,1873560.353147243,406833855.8370783,18352962169.612034
雲林縣西螺鎮福田里,21712,2019-11-13 10:28:18,2019-11-13 10:30:00,0.3623366355896,401.5510559082,200.91896057128957,4171154.925558408,980975346.1775987,44253454228.08024
雲林縣麥寮鄉三盛村,21755,2019-11-13 10:58:27,2019-11-13 11:00:00,0.39678812026978,401.54123306274,134.1148853301988,8795266.009094767,1690094789.0618699,76243029634.0248
雲林縣麥寮鄉中興村,21812,2019-11-13 11:04:31,2019-11-13 11:05:55,0.6576418876648,402.48622894287,134.60241953531866,66666315.45957755,12834676007.031952,578993905833.1844
雲林縣麥寮鄉麥豐村,21991,2019-11-13 11:09:25,2019-11-13 11:10:46,0.50506591796875,402.0694732666,301.6455769538872,6398588.30732389,1741856277.6246443,78578077781.5807
高雄市仁武區灣內里,22441,2021-08-01 23:27:03,2021-08-01 23:27:03,96.0,96.0,96.0,2026195.090606403,330076905.99621797,14890326559.344002
高雄市前鎮區明義里,22581,2021-06-06 07:23:05,2021-06-06 12:23:05,15.0,123.0,87.34210526315789,772401.7738154598,119215481.81123349,5378011678.039486
高雄市大寮區內坑里,22730,2021-06-06 07:27:05,2021-06-06 11:07:05,4.0,79.0,54.130434782608695,4939225.999161524,600136574.7979478,27073174210.64899
高雄市小港區二苓里,22841,2022-09-27 20:21:03,2022-09-27 20:21:03,177.0,177.0,177.0,393666.0307420551,86852961.69849664,3918083752.1290574
高雄市岡山區嘉興里,22866,2022-11-06 10:43:04,2022-11-07 10:33:05,1.0,103.0,59.698412698412696,4153934.902754303,527590401.6505587,23800493846.8561
高雄市岡山區嘉興里,22865,2022-11-05 21:43:04,2022-11-06 01:03:05,81.0,100.0,90.92307692307692,4153934.902754303,655842925.7076194,29586181759.513756
高雄市左營區菜公里,22973,2021-06-10 10:07:07,2021-06-10 10:07:07,51.0,51.0,51.0,2417477.819052376,286250647.58060896,12913250042.24258
高雄市彌陀區舊港里,22979,2022-01-08 09:03:03,2022-01-08 11:03:03,45.0,75.0,62.666666666666664,2384654.7196100843,309873480.60878843,13978915926.939402
高雄市林園區龔厝里,23039,2021-02-12 15:25:03,2021-02-12 19:45:03,69.0,87.0,80.3913043478261,1241792.7829744006,183128326.31423485,8261228009.439445
高雄市楠梓區興昌里,23175,2022-05-27 08:52:04,2022-05-27 08:52:04,114.0,114.0,114.0,334795.23300735414,59339910.60678267,2676923562.011936
高雄市楠梓區興昌里,23176,2022-05-27 15:04:04,2022-05-27 16:14:05,29.0,127.0,71.0,334795.23300735414,46263612.31407463,2087029666.896335
高雄市楠梓區興昌里,23177,2022-06-14 22:24:04,2022-06-14 22:24:04,112.0,112.0,112.0,334795.23300735414,58843342.31718616,2654522528.0202045
高雄市永安區新港里,23234,2021-08-01 08:14:05,2021-08-01 08:14:05,51.0,51.0,51.0,4816358.667917329,570299250.2376894,25727162119.865295
高雄市美濃區泰安里,23336,2020-09-09 02:55:02,2020-09-09 13:21:51,143.0,156.0,147.3448275862069,693411.5737464026,140048976.35749805,6317845794.061362
高雄市路竹區頂寮里,23409,2021-03-12 14:25:02,2021-03-12 17:56:04,9.0,199.0,94.22222222222224,2712281.732740278,437075883.5671155,19717231103.719624
高雄市路竹區頂寮里,23410,2021-05-05 16:06:31,2021-05-05 16:18:04,198.0,200.0,199.0,2712281.732740278,635276052.0058933,28658375359.974266
高雄市鳥松區鳥松里,23443,2021-01-28 00:06:05,2021-01-28 10:46:05,68.0,96.0,81.95384615384616,9333304.16443232,1390811308.752739,62741846501.65798
高雄市鼓山區厚生里,23564,2021-03-25 13:21:02,2021-03-25 15:01:03,180.0,191.0,185.27272727272728,249135.87334703375,56239569.669907264,2537061947.47079
