"station_id","ciOrgname","ciCategory","Organize_Name","CategoryInfos_Name","PQ_id","PQ_name","PQ_fullname","PQ_description","PQ_unit","timestamp","value"
"9a31a388-6057-4503-9695-ac373e57646d","水利署","淹水感測器","第七河川局","淹水深度","aad74e1c-7789-496d-b1e3-ef45d8b6e218","淹水深度","美濃區_天后宮_淹水深度","路面淹水監測站_天后宮_路面淹水水位","cm","2018-11-03 21:40:00","13.11200000000000000"
"9a31a388-6057-4503-9695-ac373e57646d","水利署","淹水感測器","第七河川局","淹水深度","aad74e1c-7789-496d-b1e3-ef45d8b6e218","淹水深度","美濃區_天后宮_淹水深度","路面淹水監測站_天后宮_路面淹水水位","cm","2018-11-03 21:50:00","13.11200000000000000"
"9a31a388-6057-4503-9695-ac373e57646d","水利署","淹水感測器","第七河川局","淹水深度","aad74e1c-7789-496d-b1e3-ef45d8b6e218","淹水深度","美濃區_天后宮_淹水深度","路面淹水監測站_天后宮_路面淹水水位","cm","2018-11-03 22:00:00","13.11200000000000000"
"9a31a388-6057-4503-9695-ac373e57646d","水利署","淹水感測器","第七河川局","淹水深度","aad74e1c-7789-496d-b1e3-ef45d8b6e218","淹水深度","美濃區_天后宮_淹水深度","路面淹水監測站_天后宮_路面淹水水位","cm","2018-11-03 22:10:00","13.09440000000000000"
"9a31a388-6057-4503-9695-ac373e57646d","水利署","淹水感測器","第七河川局","淹水深度","aad74e1c-7789-496d-b1e3-ef45d8b6e218","淹水深度","美濃區_天后宮_淹水深度","路面淹水監測站_天后宮_路面淹水水位","cm","2018-11-03 22:20:00","13.11200000000000000"
"9a31a388-6057-4503-9695-ac373e57646d","水利署","淹水感測器","第七河川局","淹水深度","aad74e1c-7789-496d-b1e3-ef45d8b6e218","淹水深度","美濃區_天后宮_淹水深度","路面淹水監測站_天后宮_路面淹水水位","cm","2018-11-03 22:30:00","13.11200000000000000"
"9a31a388-6057-4503-9695-ac373e57646d","水利署","淹水感測器","第七河川局","淹水深度","aad74e1c-7789-496d-b1e3-ef45d8b6e218","淹水深度","美濃區_天后宮_淹水深度","路面淹水監測站_天后宮_路面淹水水位","cm","2018-11-03 22:40:00","13.11200000000000000"
"9a31a388-6057-4503-9695-ac373e57646d","水利署","淹水感測器","第七河川局","淹水深度","aad74e1c-7789-496d-b1e3-ef45d8b6e218","淹水深度","美濃區_天后宮_淹水深度","路面淹水監測站_天后宮_路面淹水水位","cm","2018-11-03 22:50:00","13.11200000000000000"
"9a31a388-6057-4503-9695-ac373e57646d","水利署","淹水感測器","第七河川局","淹水深度","aad74e1c-7789-496d-b1e3-ef45d8b6e218","淹水深度","美濃區_天后宮_淹水深度","路面淹水監測站_天后宮_路面淹水水位","cm","2018-11-03 23:00:00","13.11200000000000000"
"9a31a388-6057-4503-9695-ac373e57646d","水利署","淹水感測器","第七河川局","淹水深度","aad74e1c-7789-496d-b1e3-ef45d8b6e218","淹水深度","美濃區_天后宮_淹水深度","路面淹水監測站_天后宮_路面淹水水位","cm","2018-11-03 23:10:00","13.11200000000000000"
"9a31a388-6057-4503-9695-ac373e57646d","水利署","淹水感測器","第七河川局","淹水深度","aad74e1c-7789-496d-b1e3-ef45d8b6e218","淹水深度","美濃區_天后宮_淹水深度","路面淹水監測站_天后宮_路面淹水水位","cm","2018-11-03 23:20:00","13.10320000000000000"
"9a31a388-6057-4503-9695-ac373e57646d","水利署","淹水感測器","第七河川局","淹水深度","aad74e1c-7789-496d-b1e3-ef45d8b6e218","淹水深度","美濃區_天后宮_淹水深度","路面淹水監測站_天后宮_路面淹水水位","cm","2018-11-03 23:30:00","13.11200000000000000"
"9a31a388-6057-4503-9695-ac373e57646d","水利署","淹水感測器","第七河川局","淹水深度","aad74e1c-7789-496d-b1e3-ef45d8b6e218","淹水深度","美濃區_天后宮_淹水深度","路面淹水監測站_天后宮_路面淹水水位","cm","2018-11-03 23:40:00","13.11200000000000000"
"9a31a388-6057-4503-9695-ac373e57646d","水利署","淹水感測器","第七河川局","淹水深度","aad74e1c-7789-496d-b1e3-ef45d8b6e218","淹水深度","美濃區_天后宮_淹水深度","路面淹水監測站_天后宮_路面淹水水位","cm","2018-11-03 23:50:00","13.11200000000000000"
